role,month,avg_salary_inr
data analyst,2025-10,1298997.41
data analyst,2026-05,1247759.3
data analyst,2026-08,1249679.69
data analyst,2026-02,1276202.62
data analyst,2026-09,1222394.22
data analyst,2026-03,1300902.67
data analyst,2026-06,1246371.77
data analyst,2026-07,1247306.1
data analyst,2026-01,1291107.48
data analyst,2025-12,1299500.0
data analyst,2026-04,1258156.58
data analyst,2025-11,1162167.84
python developer,2026-06,1278768.92
python developer,2026-08,1305546.97
python developer,2026-04,1271240.59
python developer,2026-09,1288795.78
python developer,2026-01,1254527.06
python developer,2026-07,1289739.34
python developer,2025-12,1249576.23
python developer,2026-02,1280575.07
python developer,2025-10,1244315.27
python developer,2026-03,1271316.55
python developer,2025-11,1201353.23
python developer,2026-05,1280522.06
business analyst,2025-11,1096921.68
business analyst,2026-07,1250367.84
business analyst,2026-02,1251233.39
business analyst,2026-03,1277919.78
business analyst,2026-06,1255067.74
business analyst,2026-05,1242767.29
business analyst,2025-12,1246692.6
business analyst,2026-04,1252669.27
business analyst,2026-01,1254830.29
business analyst,2025-10,1246161.08
business analyst,2026-09,1172706.05
business analyst,2026-08,1224822.92
